<?xml version="1.0" encoding="UTF-8"?>
<GenRun Id="synth_1" LaunchPart="xc7a100tcsg324-1" LaunchTime="1663477472" LaunchIncrCheckpoint="$PSRCDIR/utils_1/imports/synth_1/wrapper.dcp">
  <File Type="REPORTS-TCL" Name="wrapper_reports.tcl"/>
  <File Type="PA-TCL" Name="wrapper.tcl"/>
  <File Type="RDS-DCP" Name="wrapper.dcp"/>
  <File Type="RDS-RDS" Name="wrapper.vds"/>
  <File Type="RDS-UTIL" Name="wrapper_utilization_synth.rpt"/>
  <File Type="RDS-UTIL-PB" Name="wrapper_utilization_synth.pb"/>
  <FileSet Name="sources" Type="DesignSrcs" RelSrcDir="$PSRCDIR/sources_1" RelGenDir="$PGENDIR/sources_1">
    <Filter Type="Srcs"/>
    <File Path="$PSRCDIR/sources_1/imports/template/Clock_Enable.v">
      <FileInfo>
        <Attr Name="ImportPath" Val="$PPRDIR/../../../../Documents/FPGA/Vivado/FYP/template/Lab1_Fri_A0199256M/lab_1.srcs/sources_1/imports/template/Clock_Enable.v"/>
        <Attr Name="ImportTime" Val="1662376004"/>
        <Attr Name="UsedIn" Val="synthesis"/>
        <Attr Name="UsedIn" Val="implementation"/>
        <Attr Name="UsedIn" Val="simulation"/>
      </FileInfo>
    </File>
    <File Path="$PSRCDIR/sources_1/imports/template/Get_MEM.v">
      <FileInfo>
        <Attr Name="ImportPath" Val="$PPRDIR/../../../../Documents/FPGA/Vivado/FYP/template/Lab1_Fri_A0199256M/lab_1.srcs/sources_1/imports/template/Get_MEM.v"/>
        <Attr Name="ImportTime" Val="1662373422"/>
        <Attr Name="UsedIn" Val="synthesis"/>
        <Attr Name="UsedIn" Val="implementation"/>
        <Attr Name="UsedIn" Val="simulation"/>
      </FileInfo>
    </File>
    <File Path="$PSRCDIR/sources_1/imports/template/Seven_Seg_Nexys.v">
      <FileInfo>
        <Attr Name="ImportPath" Val="$PPRDIR/../../../../Documents/FPGA/Vivado/FYP/template/Lab1_Fri_A0199256M/lab_1.srcs/sources_1/imports/template/Seven_Seg_Nexys.v"/>
        <Attr Name="ImportTime" Val="1598949650"/>
        <Attr Name="UsedIn" Val="synthesis"/>
        <Attr Name="UsedIn" Val="implementation"/>
        <Attr Name="UsedIn" Val="simulation"/>
      </FileInfo>
    </File>
    <File Path="$PSRCDIR/sources_1/imports/template/Top_Nexys.v">
      <FileInfo>
        <Attr Name="ImportPath" Val="$PPRDIR/../../../../Documents/FPGA/Vivado/FYP/template/Lab1_Fri_A0199256M/lab_1.srcs/sources_1/imports/template/Top_Nexys.v"/>
        <Attr Name="ImportTime" Val="1662373704"/>
        <Attr Name="UsedIn" Val="synthesis"/>
        <Attr Name="UsedIn" Val="implementation"/>
        <Attr Name="UsedIn" Val="simulation"/>
      </FileInfo>
    </File>
    <File Path="$PSRCDIR/sources_1/imports/template/basic_sync.v">
      <FileInfo>
        <Attr Name="ImportPath" Val="$PPRDIR/../../../../Documents/FPGA/Vivado/FYP/template/Lab1_Fri_A0199256M/lab_1.srcs/sources_1/imports/template/basic_sync.v"/>
        <Attr Name="ImportTime" Val="1662642190"/>
        <Attr Name="UsedIn" Val="synthesis"/>
        <Attr Name="UsedIn" Val="implementation"/>
        <Attr Name="UsedIn" Val="simulation"/>
      </FileInfo>
    </File>
    <File Path="$PSRCDIR/sources_1/new/wrapper.v">
      <FileInfo>
        <Attr Name="ImportPath" Val="$PPRDIR/../../../../Documents/FPGA/Vivado/FYP/fyp_rtl/fyp_rtl.srcs/sources_1/new/wrapper.v"/>
        <Attr Name="ImportTime" Val="1663475486"/>
        <Attr Name="UsedIn" Val="synthesis"/>
        <Attr Name="UsedIn" Val="implementation"/>
        <Attr Name="UsedIn" Val="simulation"/>
      </FileInfo>
    </File>
    <Config>
      <Option Name="DesignMode" Val="RTL"/>
      <Option Name="TopModule" Val="wrapper"/>
      <Option Name="TopAutoSet" Val="TRUE"/>
    </Config>
  </FileSet>
  <FileSet Name="constrs_in" Type="Constrs" RelSrcDir="$PSRCDIR/constrs_1">
    <Filter Type="Constrs"/>
    <File Path="$PSRCDIR/constrs_1/imports/template/Nexys-4-DDR-Master_Lab1.xdc">
      <FileInfo>
        <Attr Name="ImportPath" Val="$PPRDIR/../../../../Documents/FPGA/Vivado/FYP/template/Lab1_Fri_A0199256M/lab_1.srcs/constrs_1/imports/template/Nexys-4-DDR-Master_Lab1.xdc"/>
        <Attr Name="ImportTime" Val="1662374448"/>
        <Attr Name="UsedIn" Val="synthesis"/>
        <Attr Name="UsedIn" Val="implementation"/>
      </FileInfo>
    </File>
    <Config>
      <Option Name="ConstrsType" Val="XDC"/>
    </Config>
  </FileSet>
  <FileSet Name="utils" Type="Utils" RelSrcDir="$PSRCDIR/utils_1">
    <Filter Type="Utils"/>
    <File Path="$PSRCDIR/utils_1/imports/synth_1/wrapper.dcp">
      <FileInfo>
        <Attr Name="ImportPath" Val="$PPRDIR/../../../../Documents/FPGA/Vivado/FYP/fyp_rtl/fyp_rtl.srcs/utils_1/imports/synth_1/wrapper.dcp"/>
        <Attr Name="ImportTime" Val="1663477472"/>
        <Attr Name="UsedIn" Val="synthesis"/>
        <Attr Name="UsedIn" Val="implementation"/>
        <Attr Name="UsedInSteps" Val="synth_1"/>
        <Attr Name="AutoDcp" Val="1"/>
      </FileInfo>
    </File>
    <Config>
      <Option Name="TopAutoSet" Val="TRUE"/>
    </Config>
  </FileSet>
  <Strategy Version="1" Minor="2">
    <StratHandle Name="Vivado Synthesis Defaults" Flow="Vivado Synthesis 2021"/>
    <Step Id="synth_design"/>
  </Strategy>
  <BlockFileSet Type="BlockSrcs" Name="vio_0"/>
</GenRun>
