<?xml version="1.0" encoding="UTF-8"?>
<GenRun Id="impl_1" LaunchPart="xc7a100tcsg324-1" LaunchTime="1666077983">
  <File Type="POSTROUTE-PHYSOPT-RQS-RPT" Name="postroute_physopt_report_qor_suggestions_0.rpt"/>
  <File Type="ROUTE-RQS-RPT" Name="route_report_qor_suggestions_0.rpt"/>
  <File Type="POSTROUTE-PHYSOPT-RQS" Name="top_postroute_physopted.rqs"/>
  <File Type="ROUTE-RQS" Name="top_routed.rqs"/>
  <File Type="RBD_FILE" Name="top.rbd"/>
  <File Type="NPI_FILE" Name="top.npi"/>
  <File Type="RNPI_FILE" Name="top.rnpi"/>
  <File Type="CFI_FILE" Name="top.cfi"/>
  <File Type="RCFI_FILE" Name="top.rcfi"/>
  <File Type="ROUTE-METHODOLOGY-DRC-RPX" Name="top_methodology_drc_routed.rpx"/>
  <File Type="ROUTE-DRC-RPX" Name="top_drc_routed.rpx"/>
  <File Type="ROUTE-METHODOLOGY-DRC-PB" Name="top_methodology_drc_routed.pb"/>
  <File Type="ROUTE-METHODOLOGY-DRC" Name="top_methodology_drc_routed.rpt"/>
  <File Type="POSTROUTE-PHYSOPT-BLACKBOX-DCP" Name="top_postroute_physopt_bb.dcp"/>
  <File Type="POSTROUTE-PHYSOPT-DCP" Name="top_postroute_physopt.dcp"/>
  <File Type="PHYSOPT-DCP" Name="top_physopt.dcp"/>
  <File Type="PLACE-IO" Name="top_io_placed.rpt"/>
  <File Type="OPT-DRC" Name="top_drc_opted.rpt"/>
  <File Type="BITSTR-LTX" Name="debug_nets.ltx"/>
  <File Type="BITSTR-LTX" Name="top.ltx"/>
  <File Type="BITSTR-SYSDEF" Name="top.sysdef"/>
  <File Type="BITSTR-MMI" Name="top.mmi"/>
  <File Type="BITSTR-BMM" Name="top_bd.bmm"/>
  <File Type="PLACE-UTIL-PB" Name="top_utilization_placed.pb"/>
  <File Type="BG-BGN" Name="top.bgn"/>
  <File Type="OPT-DCP" Name="top_opt.dcp"/>
  <File Type="OPT-HWDEF" Name="top.hwdef"/>
  <File Type="BG-BIT" Name="top.bit"/>
  <File Type="ROUTE-BUS-SKEW" Name="top_bus_skew_routed.rpt"/>
  <File Type="WBT-USG" Name="usage_statistics_webtalk.html"/>
  <File Type="PA-TCL" Name="top.tcl"/>
  <File Type="REPORTS-TCL" Name="top_reports.tcl"/>
  <File Type="PLACE-UTIL" Name="top_utilization_placed.rpt"/>
  <File Type="BG-DRC" Name="top.drc"/>
  <File Type="PLACE-CTRL" Name="top_control_sets_placed.rpt"/>
  <File Type="PDI-FILE" Name="top.pdi"/>
  <File Type="RDI-RDI" Name="top.vdi"/>
  <File Type="BG-BIN" Name="top.bin"/>
  <File Type="PLACE-DCP" Name="top_placed.dcp"/>
  <File Type="BITSTR-MSK" Name="top.msk"/>
  <File Type="PWROPT-DCP" Name="top_pwropt.dcp"/>
  <File Type="BITSTR-RBT" Name="top.rbt"/>
  <File Type="POSTPLACE-PWROPT-DCP" Name="top_postplace_pwropt.dcp"/>
  <File Type="BITSTR-NKY" Name="top.nky"/>
  <File Type="PLACE-PRE-SIMILARITY" Name="top_incremental_reuse_pre_placed.rpt"/>
  <File Type="ROUTE-DRC" Name="top_drc_routed.rpt"/>
  <File Type="ROUTE-DRC-PB" Name="top_drc_routed.pb"/>
  <File Type="ROUTE-PWR" Name="top_power_routed.rpt"/>
  <File Type="ROUTE-PWR-SUM" Name="top_power_summary_routed.pb"/>
  <File Type="ROUTE-PWR-RPX" Name="top_power_routed.rpx"/>
  <File Type="ROUTE-STATUS" Name="top_route_status.rpt"/>
  <File Type="ROUTE-STATUS-PB" Name="top_route_status.pb"/>
  <File Type="ROUTE-DCP" Name="top_routed.dcp"/>
  <File Type="ROUTE-ERROR-DCP" Name="top_routed_error.dcp"/>
  <File Type="ROUTE-BLACKBOX-DCP" Name="top_routed_bb.dcp"/>
  <File Type="ROUTE-TIMINGSUMMARY" Name="top_timing_summary_routed.rpt"/>
  <File Type="ROUTE-TIMING-PB" Name="top_timing_summary_routed.pb"/>
  <File Type="ROUTE-TIMING-RPX" Name="top_timing_summary_routed.rpx"/>
  <File Type="ROUTE-CLK" Name="top_clock_utilization_routed.rpt"/>
  <File Type="ROUTE-BUS-SKEW-PB" Name="top_bus_skew_routed.pb"/>
  <File Type="ROUTE-BUS-SKEW-RPX" Name="top_bus_skew_routed.rpx"/>
  <FileSet Name="sources" Type="DesignSrcs" RelSrcDir="$PSRCDIR/sources_1" RelGenDir="$PGENDIR/sources_1">
    <Filter Type="Srcs"/>
    <File Path="$PSRCDIR/sources_1/new/clk_div_12hz.v">
      <FileInfo>
        <Attr Name="ImportPath" Val="$PPRDIR/../../../../Documents/FPGA/Vivado/FYP/fyp_demo/fyp_demo.srcs/sources_1/new/clk_div_12hz.v"/>
        <Attr Name="ImportTime" Val="1666076227"/>
        <Attr Name="UsedIn" Val="synthesis"/>
        <Attr Name="UsedIn" Val="implementation"/>
        <Attr Name="UsedIn" Val="simulation"/>
      </FileInfo>
    </File>
    <File Path="$PSRCDIR/sources_1/new/clk_div_1hz.v">
      <FileInfo>
        <Attr Name="ImportPath" Val="$PPRDIR/../../../../Documents/FPGA/Vivado/FYP/fyp_demo/fyp_demo.srcs/sources_1/new/clk_div_1hz.v"/>
        <Attr Name="ImportTime" Val="1665940547"/>
        <Attr Name="UsedIn" Val="synthesis"/>
        <Attr Name="UsedIn" Val="implementation"/>
        <Attr Name="UsedIn" Val="simulation"/>
      </FileInfo>
    </File>
    <File Path="$PSRCDIR/sources_1/new/clk_div_385hz.v">
      <FileInfo>
        <Attr Name="ImportPath" Val="$PPRDIR/../../../../Documents/FPGA/Vivado/FYP/fyp_demo/fyp_demo.srcs/sources_1/new/clk_div_385hz.v"/>
        <Attr Name="ImportTime" Val="1665940547"/>
        <Attr Name="UsedIn" Val="synthesis"/>
        <Attr Name="UsedIn" Val="implementation"/>
        <Attr Name="UsedIn" Val="simulation"/>
      </FileInfo>
    </File>
    <File Path="$PSRCDIR/sources_1/new/debounce_button.v">
      <FileInfo>
        <Attr Name="ImportPath" Val="$PPRDIR/../../../../Documents/FPGA/Vivado/FYP/fyp_demo/fyp_demo.srcs/sources_1/new/debounce_button.v"/>
        <Attr Name="ImportTime" Val="1665937407"/>
        <Attr Name="UsedIn" Val="synthesis"/>
        <Attr Name="UsedIn" Val="implementation"/>
        <Attr Name="UsedIn" Val="simulation"/>
      </FileInfo>
    </File>
    <File Path="$PSRCDIR/sources_1/new/led_trail.v">
      <FileInfo>
        <Attr Name="ImportPath" Val="$PPRDIR/../../../../Documents/FPGA/Vivado/FYP/fyp_demo/fyp_demo.srcs/sources_1/new/led_trail.v"/>
        <Attr Name="ImportTime" Val="1666077877"/>
        <Attr Name="UsedIn" Val="synthesis"/>
        <Attr Name="UsedIn" Val="implementation"/>
        <Attr Name="UsedIn" Val="simulation"/>
      </FileInfo>
    </File>
    <File Path="$PSRCDIR/sources_1/new/output_num_control.v">
      <FileInfo>
        <Attr Name="ImportPath" Val="$PPRDIR/../../../../Documents/FPGA/Vivado/FYP/fyp_demo/fyp_demo.srcs/sources_1/new/output_num_control.v"/>
        <Attr Name="ImportTime" Val="1666077845"/>
        <Attr Name="UsedIn" Val="synthesis"/>
        <Attr Name="UsedIn" Val="implementation"/>
        <Attr Name="UsedIn" Val="simulation"/>
      </FileInfo>
    </File>
    <File Path="$PSRCDIR/sources_1/new/sevenseg.v">
      <FileInfo>
        <Attr Name="ImportPath" Val="$PPRDIR/../../../../Documents/FPGA/Vivado/FYP/fyp_demo/fyp_demo.srcs/sources_1/new/sevenseg.v"/>
        <Attr Name="ImportTime" Val="1666077863"/>
        <Attr Name="UsedIn" Val="synthesis"/>
        <Attr Name="UsedIn" Val="implementation"/>
        <Attr Name="UsedIn" Val="simulation"/>
      </FileInfo>
    </File>
    <File Path="$PSRCDIR/sources_1/new/translate_cathode.v">
      <FileInfo>
        <Attr Name="ImportPath" Val="$PPRDIR/../../../../Documents/FPGA/Vivado/FYP/fyp_demo/fyp_demo.srcs/sources_1/new/translate_cathode.v"/>
        <Attr Name="ImportTime" Val="1665997719"/>
        <Attr Name="UsedIn" Val="synthesis"/>
        <Attr Name="UsedIn" Val="implementation"/>
        <Attr Name="UsedIn" Val="simulation"/>
      </FileInfo>
    </File>
    <File Path="$PSRCDIR/sources_1/new/top.v">
      <FileInfo>
        <Attr Name="ImportPath" Val="$PPRDIR/../../../../Documents/FPGA/Vivado/FYP/fyp_demo/fyp_demo.srcs/sources_1/new/top.v"/>
        <Attr Name="ImportTime" Val="1666008390"/>
        <Attr Name="UsedIn" Val="synthesis"/>
        <Attr Name="UsedIn" Val="implementation"/>
        <Attr Name="UsedIn" Val="simulation"/>
      </FileInfo>
    </File>
    <Config>
      <Option Name="DesignMode" Val="RTL"/>
      <Option Name="TopModule" Val="top"/>
      <Option Name="TopAutoSet" Val="TRUE"/>
    </Config>
  </FileSet>
  <FileSet Name="constrs_in" Type="Constrs" RelSrcDir="$PSRCDIR/constrs_1">
    <Filter Type="Constrs"/>
    <File Path="$PSRCDIR/constrs_1/imports/template/Nexys-4-DDR-Master_Lab1.xdc">
      <FileInfo>
        <Attr Name="ImportPath" Val="$PPRDIR/../../../../Documents/FPGA/Vivado/FYP/ip_test/ip_test.srcs/constrs_1/imports/template/Nexys-4-DDR-Master_Lab1.xdc"/>
        <Attr Name="ImportTime" Val="1664201079"/>
        <Attr Name="UsedIn" Val="synthesis"/>
        <Attr Name="UsedIn" Val="implementation"/>
      </FileInfo>
    </File>
    <Config>
      <Option Name="TargetConstrsFile" Val="$PSRCDIR/constrs_1/imports/template/Nexys-4-DDR-Master_Lab1.xdc"/>
      <Option Name="ConstrsType" Val="XDC"/>
    </Config>
  </FileSet>
  <FileSet Name="utils" Type="Utils" RelSrcDir="$PSRCDIR/utils_1">
    <Filter Type="Utils"/>
    <File Path="$PSRCDIR/utils_1/imports/synth_1/top.dcp">
      <FileInfo>
        <Attr Name="ImportPath" Val="$PPRDIR/../../../../Documents/FPGA/Vivado/FYP/fyp_demo/fyp_demo.srcs/utils_1/imports/synth_1/top.dcp"/>
        <Attr Name="ImportTime" Val="1666077896"/>
        <Attr Name="UsedIn" Val="synthesis"/>
        <Attr Name="UsedIn" Val="implementation"/>
        <Attr Name="UsedInSteps" Val="synth_1"/>
        <Attr Name="AutoDcp" Val="1"/>
      </FileInfo>
    </File>
    <Config>
      <Option Name="TopAutoSet" Val="TRUE"/>
    </Config>
  </FileSet>
  <Strategy Version="1" Minor="2">
    <StratHandle Name="Vivado Implementation Defaults" Flow="Vivado Implementation 2022"/>
    <Step Id="init_design"/>
    <Step Id="opt_design"/>
    <Step Id="power_opt_design"/>
    <Step Id="place_design"/>
    <Step Id="post_place_power_opt_design"/>
    <Step Id="phys_opt_design"/>
    <Step Id="route_design"/>
    <Step Id="post_route_phys_opt_design"/>
    <Step Id="write_bitstream"/>
    <Step Id="write_device_image"/>
  </Strategy>
</GenRun>
