<?xml version="1.0" encoding="UTF-8"?>
<!-- Product Version: Vivado v2021.2 (64-bit)                     -->
<!--                                                              -->
<!-- Copyright 1986-2021 Xilinx, Inc. All Rights Reserved.        -->

<hwsession version="1" minor="2">
  <device name="xc7a100t_0" gui_info="dashboard2=hw_vios[xc7a100t_0/hw_vio_1=VIO_PROBES_1;]"/>
  <ObjectList object_type="hw_device" gui_info="">
    <Object name="xc7a100t_0" gui_info="">
      <Properties Property="FULL_PROBES.FILE" value="$_project_name_.runs/impl_1/wrapper.ltx"/>
      <Properties Property="PROBES.FILE" value="$_project_name_.runs/impl_1/wrapper.ltx"/>
      <Properties Property="PROGRAM.HW_BITSTREAM" value="$_project_name_.runs/impl_1/wrapper.bit"/>
      <Properties Property="SLR.COUNT" value="1"/>
    </Object>
  </ObjectList>
  <ObjectList object_type="hw_ila" gui_info="">
    <Object name="ila_inst" gui_info="">
      <Properties Property="CONTROL.TRIGGER_CONDITION" value="AND"/>
      <Properties Property="CORE_REFRESH_RATE_MS" value="500"/>
    </Object>
  </ObjectList>
  <ObjectList object_type="hw_probe" gui_info="">
    <Object name="anode_OBUF[7:0]" gui_info=""/>
    <Object name="anode_OBUF_1[7:0]" gui_info=""/>
    <Object name="btnC" gui_info="hw_vios/hw_vio_1=0"/>
    <Object name="btnU" gui_info="hw_vios/hw_vio_1=1_exp"/>
    <Object name="led_OBUF[15:0]" gui_info="hw_vios/hw_vio_1=2_exp"/>
    <Object name="led_OBUF_1[15:0]" gui_info="Trigger Setup=0"/>
  </ObjectList>
  <ObjectList object_type="hw_vio" gui_info="">
    <Object name="hw_vio_1" gui_info="hw_vios/hw_vio_1/TablePreference=5	569	Name	0	2147483647	15	150	150	Value	1	2147483647	15	218	218	Activity	2	2147483647	15	61	61	Direction	3	2147483647	15	70	70	VIO	4	2147483647	15	70	70			1	6	1	Name	Value	Activity	Direction	VIO"/>
  </ObjectList>
  <probeset name="hw project" active="false">
    <probe type="ila" busType="bus" source="netlist" spec="ILA_V2_RT">
      <probeOptions Id="DebugProbeParams">
        <Option Id="CAPTURE_COMPARE_VALUE" value="eq8&apos;hXX"/>
        <Option Id="COMPARE_VALUE.0" value="eq8&apos;hXX"/>
        <Option Id="DISPLAY_AS_ENUM" value="1"/>
        <Option Id="DISPLAY_HINT" value=""/>
        <Option Id="DISPLAY_RADIX" value="HEX"/>
        <Option Id="DISPLAY_VISIBILITY" value=""/>
        <Option Id="HW_ILA" value="hw_ila_1"/>
        <Option Id="LINK_TO_WAVEFORM" value="1"/>
        <Option Id="MAP" value="probe2[7:0]"/>
        <Option Id="NAME.CUSTOM" value=""/>
        <Option Id="NAME.SELECT" value="Long"/>
        <Option Id="SOURCE" value="netlist"/>
        <Option Id="TRIGGER_COMPARE_VALUE" value="eq8&apos;hXX"/>
        <Option Id="WAVEFORM_STYLE" value="Digital"/>
      </probeOptions>
      <nets>
        <net name="anode_OBUF_1[7]"/>
        <net name="anode_OBUF_1[6]"/>
        <net name="anode_OBUF_1[5]"/>
        <net name="anode_OBUF_1[4]"/>
        <net name="anode_OBUF_1[3]"/>
        <net name="anode_OBUF_1[2]"/>
        <net name="anode_OBUF_1[1]"/>
        <net name="anode_OBUF_1[0]"/>
      </nets>
    </probe>
    <probe type="ila" busType="bus" source="netlist" spec="ILA_V2_RT">
      <probeOptions Id="DebugProbeParams">
        <Option Id="CAPTURE_COMPARE_VALUE" value="eq7&apos;hXX"/>
        <Option Id="COMPARE_VALUE.0" value="eq7&apos;hXX"/>
        <Option Id="DISPLAY_AS_ENUM" value="1"/>
        <Option Id="DISPLAY_HINT" value=""/>
        <Option Id="DISPLAY_RADIX" value="HEX"/>
        <Option Id="DISPLAY_VISIBILITY" value=""/>
        <Option Id="HW_ILA" value="hw_ila_1"/>
        <Option Id="LINK_TO_WAVEFORM" value="1"/>
        <Option Id="MAP" value="probe3[6:0]"/>
        <Option Id="NAME.CUSTOM" value=""/>
        <Option Id="NAME.SELECT" value="Long"/>
        <Option Id="SOURCE" value="netlist"/>
        <Option Id="TRIGGER_COMPARE_VALUE" value="eq7&apos;hXX"/>
        <Option Id="WAVEFORM_STYLE" value="Digital"/>
      </probeOptions>
      <nets>
        <net name="cathode_OBUF_1[6]"/>
        <net name="cathode_OBUF_1[5]"/>
        <net name="cathode_OBUF_1[4]"/>
        <net name="cathode_OBUF_1[3]"/>
        <net name="cathode_OBUF_1[2]"/>
        <net name="cathode_OBUF_1[1]"/>
        <net name="cathode_OBUF_1[0]"/>
      </nets>
    </probe>
    <probe type="ila" busType="net" source="netlist" spec="ILA_V2_RT">
      <probeOptions Id="DebugProbeParams">
        <Option Id="CAPTURE_COMPARE_VALUE" value="eq1&apos;bX"/>
        <Option Id="COMPARE_VALUE.0" value="eq1&apos;bX"/>
        <Option Id="DISPLAY_AS_ENUM" value="1"/>
        <Option Id="DISPLAY_HINT" value=""/>
        <Option Id="DISPLAY_RADIX" value="HEX"/>
        <Option Id="DISPLAY_VISIBILITY" value=""/>
        <Option Id="HW_ILA" value="hw_ila_1"/>
        <Option Id="LINK_TO_WAVEFORM" value="1"/>
        <Option Id="MAP" value="probe1[0]"/>
        <Option Id="NAME.CUSTOM" value=""/>
        <Option Id="NAME.SELECT" value="Long"/>
        <Option Id="SOURCE" value="netlist"/>
        <Option Id="TRIGGER_COMPARE_VALUE" value="eq1&apos;bX"/>
        <Option Id="WAVEFORM_STYLE" value="Digital"/>
      </probeOptions>
      <nets>
        <net name="dp_OBUF_1"/>
      </nets>
    </probe>
    <probe type="ila" busType="bus" source="netlist" spec="ILA_V2_RT">
      <probeOptions Id="DebugProbeParams">
        <Option Id="CAPTURE_COMPARE_VALUE" value="eq16&apos;hXXXX"/>
        <Option Id="COMPARE_VALUE.0" value="eq16&apos;hXXXX"/>
        <Option Id="DISPLAY_AS_ENUM" value="1"/>
        <Option Id="DISPLAY_HINT" value=""/>
        <Option Id="DISPLAY_RADIX" value="HEX"/>
        <Option Id="DISPLAY_VISIBILITY" value=""/>
        <Option Id="HW_ILA" value="hw_ila_1"/>
        <Option Id="LINK_TO_WAVEFORM" value="1"/>
        <Option Id="MAP" value="probe0[15:0]"/>
        <Option Id="NAME.CUSTOM" value=""/>
        <Option Id="NAME.SELECT" value="Long"/>
        <Option Id="SOURCE" value="netlist"/>
        <Option Id="TRIGGER_COMPARE_VALUE" value="eq16&apos;hXXXX"/>
        <Option Id="WAVEFORM_STYLE" value="Digital"/>
      </probeOptions>
      <nets>
        <net name="led_OBUF_1[15]"/>
        <net name="led_OBUF_1[14]"/>
        <net name="led_OBUF_1[13]"/>
        <net name="led_OBUF_1[12]"/>
        <net name="led_OBUF_1[11]"/>
        <net name="led_OBUF_1[10]"/>
        <net name="led_OBUF_1[9]"/>
        <net name="led_OBUF_1[8]"/>
        <net name="led_OBUF_1[7]"/>
        <net name="led_OBUF_1[6]"/>
        <net name="led_OBUF_1[5]"/>
        <net name="led_OBUF_1[4]"/>
        <net name="led_OBUF_1[3]"/>
        <net name="led_OBUF_1[2]"/>
        <net name="led_OBUF_1[1]"/>
        <net name="led_OBUF_1[0]"/>
      </nets>
    </probe>
    <probe type="vio_input" busType="bus" source="netlist" spec="VIO_INPUT_V2_RT">
      <probeOptions Id="DebugProbeParams">
        <Option Id="ACTIVITY_PERSISTENCE" value="SHORT"/>
        <Option Id="DISPLAY_HINT" value=""/>
        <Option Id="DISPLAY_VISIBILITY" value=""/>
        <Option Id="HW_VIO" value="hw_vio_1"/>
        <Option Id="INPUT_VALUE_RADIX" value="BINARY"/>
        <Option Id="NAME.CUSTOM" value=""/>
        <Option Id="NAME.SELECT" value="Long"/>
        <Option Id="SOURCE" value="netlist"/>
      </probeOptions>
      <nets>
        <net name="anode_OBUF[7]"/>
        <net name="anode_OBUF[6]"/>
        <net name="anode_OBUF[5]"/>
        <net name="anode_OBUF[4]"/>
        <net name="anode_OBUF[3]"/>
        <net name="anode_OBUF[2]"/>
        <net name="anode_OBUF[1]"/>
        <net name="anode_OBUF[0]"/>
      </nets>
    </probe>
    <probe type="vio_input" busType="bus" source="netlist" spec="VIO_INPUT_V2_RT">
      <probeOptions Id="DebugProbeParams">
        <Option Id="ACTIVITY_PERSISTENCE" value="SHORT"/>
        <Option Id="DISPLAY_HINT" value=""/>
        <Option Id="DISPLAY_VISIBILITY" value=""/>
        <Option Id="HW_VIO" value="hw_vio_1"/>
        <Option Id="INPUT_VALUE_RADIX" value="HEX"/>
        <Option Id="NAME.CUSTOM" value=""/>
        <Option Id="NAME.SELECT" value="Long"/>
        <Option Id="SOURCE" value="netlist"/>
      </probeOptions>
      <nets>
        <net name="cathode_OBUF[6]"/>
        <net name="cathode_OBUF[5]"/>
        <net name="cathode_OBUF[4]"/>
        <net name="cathode_OBUF[3]"/>
        <net name="cathode_OBUF[2]"/>
        <net name="cathode_OBUF[1]"/>
        <net name="cathode_OBUF[0]"/>
      </nets>
    </probe>
    <probe type="vio_input" busType="net" source="netlist" spec="VIO_INPUT_V2_RT">
      <probeOptions Id="DebugProbeParams">
        <Option Id="ACTIVITY_PERSISTENCE" value="SHORT"/>
        <Option Id="DISPLAY_HINT" value=""/>
        <Option Id="DISPLAY_VISIBILITY" value=""/>
        <Option Id="HW_VIO" value="hw_vio_1"/>
        <Option Id="INPUT_VALUE_RADIX" value="BINARY"/>
        <Option Id="NAME.CUSTOM" value=""/>
        <Option Id="NAME.SELECT" value="Long"/>
        <Option Id="SOURCE" value="netlist"/>
      </probeOptions>
      <nets>
        <net name="dp_OBUF"/>
      </nets>
    </probe>
    <probe type="vio_input" busType="bus" source="netlist" spec="VIO_INPUT_V2_RT">
      <probeOptions Id="DebugProbeParams">
        <Option Id="ACTIVITY_PERSISTENCE" value="LONG"/>
        <Option Id="DISPLAY_HINT" value="0.InputDisplay:LED;LED_Low:128,128,128,;LED_High:255,0,0,;|1.InputDisplay:LED;LED_Low:128,128,128,;LED_High:255,0,0,;|2.InputDisplay:LED;LED_Low:128,128,128,;LED_High:255,0,0,;|3.InputDisplay:LED;LED_Low:128,128,128,;LED_High:255,0,0,;|4.InputDisplay:LED;LED_Low:128,128,128,;LED_High:255,0,0,;|5.InputDisplay:LED;LED_Low:128,128,128,;LED_High:255,0,0,;|6.InputDisplay:LED;LED_Low:128,128,128,;LED_High:255,0,0,;|7.InputDisplay:LED;LED_Low:128,128,128,;LED_High:255,0,0,;|8.InputDisplay:LED;LED_Low:128,128,128,;LED_High:255,0,0,;|9.InputDisplay:LED;LED_Low:128,128,128,;LED_High:255,0,0,;|10.InputDisplay:LED;LED_Low:128,128,128,;LED_High:255,0,0,;|11.InputDisplay:LED;LED_Low:128,128,128,;LED_High:255,0,0,;|12.InputDisplay:LED;LED_Low:128,128,128,;LED_High:255,0,0,;|13.InputDisplay:LED;LED_Low:128,128,128,;LED_High:255,0,0,;|14.InputDisplay:LED;LED_Low:128,128,128,;LED_High:255,0,0,;|15.InputDisplay:LED;LED_Low:128,128,128,;LED_High:255,0,0,;"/>
        <Option Id="DISPLAY_VISIBILITY" value=""/>
        <Option Id="HW_VIO" value="hw_vio_1"/>
        <Option Id="INPUT_VALUE_RADIX" value="HEX"/>
        <Option Id="NAME.CUSTOM" value=""/>
        <Option Id="NAME.SELECT" value="Long"/>
        <Option Id="SOURCE" value="netlist"/>
      </probeOptions>
      <nets>
        <net name="led_OBUF[15]"/>
        <net name="led_OBUF[14]"/>
        <net name="led_OBUF[13]"/>
        <net name="led_OBUF[12]"/>
        <net name="led_OBUF[11]"/>
        <net name="led_OBUF[10]"/>
        <net name="led_OBUF[9]"/>
        <net name="led_OBUF[8]"/>
        <net name="led_OBUF[7]"/>
        <net name="led_OBUF[6]"/>
        <net name="led_OBUF[5]"/>
        <net name="led_OBUF[4]"/>
        <net name="led_OBUF[3]"/>
        <net name="led_OBUF[2]"/>
        <net name="led_OBUF[1]"/>
        <net name="led_OBUF[0]"/>
      </nets>
    </probe>
    <probe type="vio_output" busType="net" source="netlist" spec="VIO_OUTPUT_V2_RT">
      <probeOptions Id="DebugProbeParams">
        <Option Id="DISPLAY_HINT" value="OutputDisplay:Active_High;"/>
        <Option Id="DISPLAY_VISIBILITY" value=""/>
        <Option Id="HW_VIO" value="hw_vio_1"/>
        <Option Id="NAME.CUSTOM" value=""/>
        <Option Id="NAME.SELECT" value="Long"/>
        <Option Id="OUTPUT_VALUE" value="0"/>
        <Option Id="OUTPUT_VALUE_RADIX" value="BINARY"/>
        <Option Id="SOURCE" value="netlist"/>
      </probeOptions>
      <nets>
        <net name="btnC"/>
      </nets>
    </probe>
    <probe type="vio_output" busType="net" source="netlist" spec="VIO_OUTPUT_V2_RT">
      <probeOptions Id="DebugProbeParams">
        <Option Id="DISPLAY_HINT" value="OutputDisplay:Active_High;"/>
        <Option Id="DISPLAY_VISIBILITY" value=""/>
        <Option Id="HW_VIO" value="hw_vio_1"/>
        <Option Id="NAME.CUSTOM" value=""/>
        <Option Id="NAME.SELECT" value="Long"/>
        <Option Id="OUTPUT_VALUE" value="0"/>
        <Option Id="OUTPUT_VALUE_RADIX" value="BINARY"/>
        <Option Id="SOURCE" value="netlist"/>
      </probeOptions>
      <nets>
        <net name="btnU"/>
      </nets>
    </probe>
  </probeset>
</hwsession>
