<?xml version="1.0" encoding="UTF-8"?>
<GenRun Id="impl_1" LaunchPart="xc7a100tcsg324-1" LaunchTime="1663477472">
  <File Type="RCFI_FILE" Name="wrapper.rcfi"/>
  <File Type="ROUTE-METHODOLOGY-DRC-RPX" Name="wrapper_methodology_drc_routed.rpx"/>
  <File Type="ROUTE-DRC-RPX" Name="wrapper_drc_routed.rpx"/>
  <File Type="ROUTE-METHODOLOGY-DRC-PB" Name="wrapper_methodology_drc_routed.pb"/>
  <File Type="ROUTE-METHODOLOGY-DRC" Name="wrapper_methodology_drc_routed.rpt"/>
  <File Type="POSTROUTE-PHYSOPT-BLACKBOX-DCP" Name="wrapper_postroute_physopt_bb.dcp"/>
  <File Type="POSTROUTE-PHYSOPT-DCP" Name="wrapper_postroute_physopt.dcp"/>
  <File Type="PHYSOPT-DCP" Name="wrapper_physopt.dcp"/>
  <File Type="POSTPLACE-PWROPT-DCP" Name="wrapper_postplace_pwropt.dcp"/>
  <File Type="PWROPT-DCP" Name="wrapper_pwropt.dcp"/>
  <File Type="PLACE-DCP" Name="wrapper_placed.dcp"/>
  <File Type="OPT-DCP" Name="wrapper_opt.dcp"/>
  <File Type="ROUTE-BUS-SKEW" Name="wrapper_bus_skew_routed.rpt"/>
  <File Type="ROUTE-CLK" Name="wrapper_clock_utilization_routed.rpt"/>
  <File Type="ROUTE-TIMING-RPX" Name="wrapper_timing_summary_routed.rpx"/>
  <File Type="BITSTR-LTX" Name="debug_nets.ltx"/>
  <File Type="BITSTR-LTX" Name="wrapper.ltx"/>
  <File Type="BITSTR-SYSDEF" Name="wrapper.sysdef"/>
  <File Type="BITSTR-MMI" Name="wrapper.mmi"/>
  <File Type="BITSTR-BMM" Name="wrapper_bd.bmm"/>
  <File Type="BITSTR-NKY" Name="wrapper.nky"/>
  <File Type="BITSTR-RBT" Name="wrapper.rbt"/>
  <File Type="ROUTE-BUS-SKEW-RPX" Name="wrapper_bus_skew_routed.rpx"/>
  <File Type="REPORTS-TCL" Name="wrapper_reports.tcl"/>
  <File Type="RBD_FILE" Name="wrapper.rbd"/>
  <File Type="BITSTR-MSK" Name="wrapper.msk"/>
  <File Type="ROUTE-BUS-SKEW-PB" Name="wrapper_bus_skew_routed.pb"/>
  <File Type="PA-TCL" Name="wrapper.tcl"/>
  <File Type="ROUTE-TIMING-PB" Name="wrapper_timing_summary_routed.pb"/>
  <File Type="OPT-DRC" Name="wrapper_drc_opted.rpt"/>
  <File Type="NPI_FILE" Name="wrapper.npi"/>
  <File Type="BG-BIN" Name="wrapper.bin"/>
  <File Type="ROUTE-TIMINGSUMMARY" Name="wrapper_timing_summary_routed.rpt"/>
  <File Type="RNPI_FILE" Name="wrapper.rnpi"/>
  <File Type="BG-BGN" Name="wrapper.bgn"/>
  <File Type="ROUTE-BLACKBOX-DCP" Name="wrapper_routed_bb.dcp"/>
  <File Type="WBT-USG" Name="usage_statistics_webtalk.html"/>
  <File Type="RDI-RDI" Name="wrapper.vdi"/>
  <File Type="CFI_FILE" Name="wrapper.cfi"/>
  <File Type="BG-DRC" Name="wrapper.drc"/>
  <File Type="ROUTE-ERROR-DCP" Name="wrapper_routed_error.dcp"/>
  <File Type="PDI-FILE" Name="wrapper.pdi"/>
  <File Type="BG-BIT" Name="wrapper.bit"/>
  <File Type="ROUTE-STATUS-PB" Name="wrapper_route_status.pb"/>
  <File Type="OPT-HWDEF" Name="wrapper.hwdef"/>
  <File Type="PLACE-IO" Name="wrapper_io_placed.rpt"/>
  <File Type="PLACE-UTIL" Name="wrapper_utilization_placed.rpt"/>
  <File Type="PLACE-UTIL-PB" Name="wrapper_utilization_placed.pb"/>
  <File Type="PLACE-CTRL" Name="wrapper_control_sets_placed.rpt"/>
  <File Type="PLACE-PRE-SIMILARITY" Name="wrapper_incremental_reuse_pre_placed.rpt"/>
  <File Type="ROUTE-DRC" Name="wrapper_drc_routed.rpt"/>
  <File Type="ROUTE-DRC-PB" Name="wrapper_drc_routed.pb"/>
  <File Type="ROUTE-PWR" Name="wrapper_power_routed.rpt"/>
  <File Type="ROUTE-PWR-SUM" Name="wrapper_power_summary_routed.pb"/>
  <File Type="ROUTE-PWR-RPX" Name="wrapper_power_routed.rpx"/>
  <File Type="ROUTE-STATUS" Name="wrapper_route_status.rpt"/>
  <File Type="ROUTE-DCP" Name="wrapper_routed.dcp"/>
  <FileSet Name="sources" Type="DesignSrcs" RelSrcDir="$PSRCDIR/sources_1" RelGenDir="$PGENDIR/sources_1">
    <Filter Type="Srcs"/>
    <File Path="$PSRCDIR/sources_1/imports/template/Clock_Enable.v">
      <FileInfo>
        <Attr Name="ImportPath" Val="$PPRDIR/../../../../Documents/FPGA/Vivado/FYP/template/Lab1_Fri_A0199256M/lab_1.srcs/sources_1/imports/template/Clock_Enable.v"/>
        <Attr Name="ImportTime" Val="1662376004"/>
        <Attr Name="UsedIn" Val="synthesis"/>
        <Attr Name="UsedIn" Val="implementation"/>
        <Attr Name="UsedIn" Val="simulation"/>
      </FileInfo>
    </File>
    <File Path="$PSRCDIR/sources_1/imports/template/Get_MEM.v">
      <FileInfo>
        <Attr Name="ImportPath" Val="$PPRDIR/../../../../Documents/FPGA/Vivado/FYP/template/Lab1_Fri_A0199256M/lab_1.srcs/sources_1/imports/template/Get_MEM.v"/>
        <Attr Name="ImportTime" Val="1662373422"/>
        <Attr Name="UsedIn" Val="synthesis"/>
        <Attr Name="UsedIn" Val="implementation"/>
        <Attr Name="UsedIn" Val="simulation"/>
      </FileInfo>
    </File>
    <File Path="$PSRCDIR/sources_1/imports/template/Seven_Seg_Nexys.v">
      <FileInfo>
        <Attr Name="ImportPath" Val="$PPRDIR/../../../../Documents/FPGA/Vivado/FYP/template/Lab1_Fri_A0199256M/lab_1.srcs/sources_1/imports/template/Seven_Seg_Nexys.v"/>
        <Attr Name="ImportTime" Val="1598949650"/>
        <Attr Name="UsedIn" Val="synthesis"/>
        <Attr Name="UsedIn" Val="implementation"/>
        <Attr Name="UsedIn" Val="simulation"/>
      </FileInfo>
    </File>
    <File Path="$PSRCDIR/sources_1/imports/template/Top_Nexys.v">
      <FileInfo>
        <Attr Name="ImportPath" Val="$PPRDIR/../../../../Documents/FPGA/Vivado/FYP/template/Lab1_Fri_A0199256M/lab_1.srcs/sources_1/imports/template/Top_Nexys.v"/>
        <Attr Name="ImportTime" Val="1662373704"/>
        <Attr Name="UsedIn" Val="synthesis"/>
        <Attr Name="UsedIn" Val="implementation"/>
        <Attr Name="UsedIn" Val="simulation"/>
      </FileInfo>
    </File>
    <File Path="$PSRCDIR/sources_1/imports/template/basic_sync.v">
      <FileInfo>
        <Attr Name="ImportPath" Val="$PPRDIR/../../../../Documents/FPGA/Vivado/FYP/template/Lab1_Fri_A0199256M/lab_1.srcs/sources_1/imports/template/basic_sync.v"/>
        <Attr Name="ImportTime" Val="1662642190"/>
        <Attr Name="UsedIn" Val="synthesis"/>
        <Attr Name="UsedIn" Val="implementation"/>
        <Attr Name="UsedIn" Val="simulation"/>
      </FileInfo>
    </File>
    <File Path="$PSRCDIR/sources_1/new/wrapper.v">
      <FileInfo>
        <Attr Name="ImportPath" Val="$PPRDIR/../../../../Documents/FPGA/Vivado/FYP/fyp_rtl/fyp_rtl.srcs/sources_1/new/wrapper.v"/>
        <Attr Name="ImportTime" Val="1663475486"/>
        <Attr Name="UsedIn" Val="synthesis"/>
        <Attr Name="UsedIn" Val="implementation"/>
        <Attr Name="UsedIn" Val="simulation"/>
      </FileInfo>
    </File>
    <Config>
      <Option Name="DesignMode" Val="RTL"/>
      <Option Name="TopModule" Val="wrapper"/>
      <Option Name="TopAutoSet" Val="TRUE"/>
    </Config>
  </FileSet>
  <FileSet Name="constrs_in" Type="Constrs" RelSrcDir="$PSRCDIR/constrs_1">
    <Filter Type="Constrs"/>
    <File Path="$PSRCDIR/constrs_1/imports/template/Nexys-4-DDR-Master_Lab1.xdc">
      <FileInfo>
        <Attr Name="ImportPath" Val="$PPRDIR/../../../../Documents/FPGA/Vivado/FYP/template/Lab1_Fri_A0199256M/lab_1.srcs/constrs_1/imports/template/Nexys-4-DDR-Master_Lab1.xdc"/>
        <Attr Name="ImportTime" Val="1662374448"/>
        <Attr Name="UsedIn" Val="synthesis"/>
        <Attr Name="UsedIn" Val="implementation"/>
      </FileInfo>
    </File>
    <Config>
      <Option Name="ConstrsType" Val="XDC"/>
    </Config>
  </FileSet>
  <FileSet Name="utils" Type="Utils" RelSrcDir="$PSRCDIR/utils_1">
    <Filter Type="Utils"/>
    <File Path="$PSRCDIR/utils_1/imports/synth_1/wrapper.dcp">
      <FileInfo>
        <Attr Name="ImportPath" Val="$PPRDIR/../../../../Documents/FPGA/Vivado/FYP/fyp_rtl/fyp_rtl.srcs/utils_1/imports/synth_1/wrapper.dcp"/>
        <Attr Name="ImportTime" Val="1663477472"/>
        <Attr Name="UsedIn" Val="synthesis"/>
        <Attr Name="UsedIn" Val="implementation"/>
        <Attr Name="UsedInSteps" Val="synth_1"/>
        <Attr Name="AutoDcp" Val="1"/>
      </FileInfo>
    </File>
    <Config>
      <Option Name="TopAutoSet" Val="TRUE"/>
    </Config>
  </FileSet>
  <Strategy Version="1" Minor="2">
    <StratHandle Name="Vivado Implementation Defaults" Flow="Vivado Implementation 2021"/>
    <Step Id="init_design"/>
    <Step Id="opt_design"/>
    <Step Id="power_opt_design"/>
    <Step Id="place_design"/>
    <Step Id="post_place_power_opt_design"/>
    <Step Id="phys_opt_design"/>
    <Step Id="route_design"/>
    <Step Id="post_route_phys_opt_design"/>
    <Step Id="write_bitstream"/>
    <Step Id="write_device_image"/>
  </Strategy>
  <BlockFileSet Type="BlockSrcs" Name="vio_0"/>
</GenRun>
