<?xml version="1.0" encoding="UTF-8"?>
<GenRun Id="synth_1" LaunchPart="xc7a100tcsg324-1" LaunchTime="1666011091" LaunchIncrCheckpoint="$PSRCDIR/utils_1/imports/synth_1/top.dcp">
  <File Type="RDS-DCP" Name="top.dcp"/>
  <File Type="RDS-UTIL-PB" Name="top_utilization_synth.pb"/>
  <File Type="PA-TCL" Name="top.tcl"/>
  <File Type="RDS-UTIL" Name="top_utilization_synth.rpt"/>
  <File Type="REPORTS-TCL" Name="top_reports.tcl"/>
  <File Type="RDS-RDS" Name="top.vds"/>
  <FileSet Name="sources" Type="DesignSrcs" RelSrcDir="$PSRCDIR/sources_1" RelGenDir="$PGENDIR/sources_1">
    <Filter Type="Srcs"/>
    <File Path="$PSRCDIR/sources_1/new/clk_div_1hz.v">
      <FileInfo>
        <Attr Name="ImportPath" Val="$PPRDIR/../../../../Documents/FPGA/Vivado/FYP/fyp_demo/fyp_demo.srcs/sources_1/new/clk_div_1hz.v"/>
        <Attr Name="ImportTime" Val="1665940547"/>
        <Attr Name="UsedIn" Val="synthesis"/>
        <Attr Name="UsedIn" Val="implementation"/>
        <Attr Name="UsedIn" Val="simulation"/>
      </FileInfo>
    </File>
    <File Path="$PSRCDIR/sources_1/new/clk_div_385hz.v">
      <FileInfo>
        <Attr Name="ImportPath" Val="$PPRDIR/../../../../Documents/FPGA/Vivado/FYP/fyp_demo/fyp_demo.srcs/sources_1/new/clk_div_385hz.v"/>
        <Attr Name="ImportTime" Val="1665940547"/>
        <Attr Name="UsedIn" Val="synthesis"/>
        <Attr Name="UsedIn" Val="implementation"/>
        <Attr Name="UsedIn" Val="simulation"/>
      </FileInfo>
    </File>
    <File Path="$PSRCDIR/sources_1/new/clk_div_3hz.v">
      <FileInfo>
        <Attr Name="ImportPath" Val="$PPRDIR/../../../../Documents/FPGA/Vivado/FYP/fyp_demo/fyp_demo.srcs/sources_1/new/clk_div_3hz.v"/>
        <Attr Name="ImportTime" Val="1666008354"/>
        <Attr Name="UsedIn" Val="synthesis"/>
        <Attr Name="UsedIn" Val="implementation"/>
        <Attr Name="UsedIn" Val="simulation"/>
      </FileInfo>
    </File>
    <File Path="$PSRCDIR/sources_1/new/debounce_button.v">
      <FileInfo>
        <Attr Name="ImportPath" Val="$PPRDIR/../../../../Documents/FPGA/Vivado/FYP/fyp_demo/fyp_demo.srcs/sources_1/new/debounce_button.v"/>
        <Attr Name="ImportTime" Val="1665937407"/>
        <Attr Name="UsedIn" Val="synthesis"/>
        <Attr Name="UsedIn" Val="implementation"/>
        <Attr Name="UsedIn" Val="simulation"/>
      </FileInfo>
    </File>
    <File Path="$PSRCDIR/sources_1/new/led_trail.v">
      <FileInfo>
        <Attr Name="ImportPath" Val="$PPRDIR/../../../../Documents/FPGA/Vivado/FYP/fyp_demo/fyp_demo.srcs/sources_1/new/led_trail.v"/>
        <Attr Name="ImportTime" Val="1665993903"/>
        <Attr Name="UsedIn" Val="synthesis"/>
        <Attr Name="UsedIn" Val="implementation"/>
        <Attr Name="UsedIn" Val="simulation"/>
      </FileInfo>
    </File>
    <File Path="$PSRCDIR/sources_1/new/output_num_control.v">
      <FileInfo>
        <Attr Name="ImportPath" Val="$PPRDIR/../../../../Documents/FPGA/Vivado/FYP/fyp_demo/fyp_demo.srcs/sources_1/new/output_num_control.v"/>
        <Attr Name="ImportTime" Val="1666011087"/>
        <Attr Name="UsedIn" Val="synthesis"/>
        <Attr Name="UsedIn" Val="implementation"/>
        <Attr Name="UsedIn" Val="simulation"/>
      </FileInfo>
    </File>
    <File Path="$PSRCDIR/sources_1/new/sevenseg.v">
      <FileInfo>
        <Attr Name="ImportPath" Val="$PPRDIR/../../../../Documents/FPGA/Vivado/FYP/fyp_demo/fyp_demo.srcs/sources_1/new/sevenseg.v"/>
        <Attr Name="ImportTime" Val="1666011014"/>
        <Attr Name="UsedIn" Val="synthesis"/>
        <Attr Name="UsedIn" Val="implementation"/>
        <Attr Name="UsedIn" Val="simulation"/>
      </FileInfo>
    </File>
    <File Path="$PSRCDIR/sources_1/new/translate_cathode.v">
      <FileInfo>
        <Attr Name="ImportPath" Val="$PPRDIR/../../../../Documents/FPGA/Vivado/FYP/fyp_demo/fyp_demo.srcs/sources_1/new/translate_cathode.v"/>
        <Attr Name="ImportTime" Val="1665997719"/>
        <Attr Name="UsedIn" Val="synthesis"/>
        <Attr Name="UsedIn" Val="implementation"/>
        <Attr Name="UsedIn" Val="simulation"/>
      </FileInfo>
    </File>
    <File Path="$PSRCDIR/sources_1/new/top.v">
      <FileInfo>
        <Attr Name="ImportPath" Val="$PPRDIR/../../../../Documents/FPGA/Vivado/FYP/fyp_demo/fyp_demo.srcs/sources_1/new/top.v"/>
        <Attr Name="ImportTime" Val="1666008390"/>
        <Attr Name="UsedIn" Val="synthesis"/>
        <Attr Name="UsedIn" Val="implementation"/>
        <Attr Name="UsedIn" Val="simulation"/>
      </FileInfo>
    </File>
    <Config>
      <Option Name="DesignMode" Val="RTL"/>
      <Option Name="TopModule" Val="top"/>
      <Option Name="TopAutoSet" Val="TRUE"/>
    </Config>
  </FileSet>
  <FileSet Name="constrs_in" Type="Constrs" RelSrcDir="$PSRCDIR/constrs_1">
    <Filter Type="Constrs"/>
    <File Path="$PSRCDIR/constrs_1/imports/template/Nexys-4-DDR-Master_Lab1.xdc">
      <FileInfo>
        <Attr Name="ImportPath" Val="$PPRDIR/../../../../Documents/FPGA/Vivado/FYP/ip_test/ip_test.srcs/constrs_1/imports/template/Nexys-4-DDR-Master_Lab1.xdc"/>
        <Attr Name="ImportTime" Val="1664201079"/>
        <Attr Name="UsedIn" Val="synthesis"/>
        <Attr Name="UsedIn" Val="implementation"/>
      </FileInfo>
    </File>
    <Config>
      <Option Name="ConstrsType" Val="XDC"/>
    </Config>
  </FileSet>
  <FileSet Name="utils" Type="Utils" RelSrcDir="$PSRCDIR/utils_1">
    <Filter Type="Utils"/>
    <File Path="$PSRCDIR/utils_1/imports/synth_1/top.dcp">
      <FileInfo>
        <Attr Name="ImportPath" Val="$PPRDIR/../../../../Documents/FPGA/Vivado/FYP/fyp_demo/fyp_demo.srcs/utils_1/imports/synth_1/top.dcp"/>
        <Attr Name="ImportTime" Val="1666011091"/>
        <Attr Name="UsedIn" Val="synthesis"/>
        <Attr Name="UsedIn" Val="implementation"/>
        <Attr Name="UsedInSteps" Val="synth_1"/>
        <Attr Name="AutoDcp" Val="1"/>
      </FileInfo>
    </File>
    <Config>
      <Option Name="TopAutoSet" Val="TRUE"/>
    </Config>
  </FileSet>
  <Strategy Version="1" Minor="2">
    <StratHandle Name="Vivado Synthesis Defaults" Flow="Vivado Synthesis 2022"/>
    <Step Id="synth_design"/>
  </Strategy>
</GenRun>
